district,state,cd,member,party,harris_pct_2024map,trump_pct_2024map,dem_margin_2024map,harris_pct_2026map,trump_pct_2026map,dem_margin_2026map,redistricted
AK-AL,AK,99,Nick Begich,R,41.4,54.5,-13.1,41.4,54.5,-13.1,0
AL-01,AL,1,Barry Moore,R,21.9,77.3,-55.3,31.5,67.6,-36,1
AL-02,AL,2,Shomari Figures,D,53.7,45.4,8.2,42.4,56.8,-14.3,1
AL-03,AL,3,Mike Rogers,R,26.3,72.9,-46.7,26.2,72.9,-46.7,0
AL-04,AL,4,Robert Aderholt,R,16.4,82.8,-66.4,16.4,82.8,-66.4,0
AL-05,AL,5,Dale Strong,R,34.8,63.9,-29.1,34.8,63.9,-29.1,0
AL-06,AL,6,Gary Palmer,R,30.2,68.7,-38.6,32.1,66.8,-34.6,1
AL-07,AL,7,Terri Sewell,D,61.2,37.9,23.4,58.5,40.7,17.8,1
AR-01,AR,1,Rick Crawford,R,26.4,71.7,-45.3,26.4,71.7,-45.3,0
AR-02,AR,2,French Hill,R,41,56.6,-15.5,41,56.6,-15.5,0
AR-03,AR,3,Steve Womack,R,36.2,61.1,-24.9,36.2,61.1,-24.9,0
AR-04,AR,4,Bruce Westerman,R,29.1,69,-39.9,29.1,69,-39.9,0
AZ-01,AZ,1,David Schweikert,R,48,51.1,-3.1,48,51.1,-3.1,0
AZ-02,AZ,2,Eli Crane,R,42,57,-15,42,57,-15,0
AZ-03,AZ,3,Yassamin Ansari,D,69.2,29.4,39.8,69.2,29.4,39.8,0
AZ-04,AZ,4,Greg Stanton,D,52.6,46,6.7,52.6,46,6.7,0
AZ-05,AZ,5,Andy Biggs,R,39.5,59.5,-20,39.5,59.5,-20,0
AZ-06,AZ,6,Juan Ciscomani,R,49.1,49.8,-0.7,49.1,49.8,-0.8,0
AZ-07,AZ,7,Adelita Grijalva,D,60.5,38.4,22.1,60.5,38.4,22.1,0
AZ-08,AZ,8,Abe Hamadeh,R,41.4,57.7,-16.3,41.4,57.7,-16.3,0
AZ-09,AZ,9,Paul Gosar,R,34,65.1,-31.1,34,65.1,-31.1,0
CA-01,CA,1,James Gallagher,R,36.1,61.1,-24.9,54.5,42.3,12.2,1
CA-02,CA,2,Jared Huffman,D,70.9,25.7,45.2,60.8,36.1,24.6,1
CA-03,CA,3,Kevin Kiley,R,46.5,50.3,-3.8,53.4,43.2,10.2,1
CA-04,CA,4,Mike Thompson,D,64,32.8,31.2,55.8,41.2,14.5,1
CA-05,CA,5,Tom McClintock,R,39.9,57.6,-17.7,38.4,59.1,-20.7,1
CA-06,CA,6,Ami Bera,D,55.2,41.4,13.9,52.6,44.2,8.4,1
CA-07,CA,7,Doris Matsui,D,63.1,33.4,29.7,54.8,42,12.8,1
CA-08,CA,8,John Garamendi,D,70.2,26.6,43.6,65.5,31.4,34.1,1
CA-09,CA,9,Josh Harder,D,47.6,49.4,-1.8,54.1,42.7,11.4,1
CA-10,CA,10,Mark DeSaulnier,D,65.2,31.4,33.8,65.1,31.6,33.5,1
CA-11,CA,11,Nancy Pelosi,D,81.8,14.1,67.7,81.8,14.1,67.7,0
CA-12,CA,12,Lateefah Simon,D,84.5,10.6,73.9,84.5,10.6,73.9,0
CA-13,CA,13,Adam Gray,D,46,51.4,-5.4,48.8,48.4,0.4,1
CA-14,CA,14,VACANT (Swalwell),D,65.8,30.4,35.4,65.4,30.6,34.8,1
CA-15,CA,15,Kevin Mullin,D,72.2,24.3,47.9,72.2,24.3,47.9,0
CA-16,CA,16,Sam Liccardo,D,72.5,23.9,48.5,72.3,24.2,48.1,1
CA-17,CA,17,Ro Khanna,D,66.8,28.8,37.9,67.3,28.3,39,1
CA-18,CA,18,Zoe Lofgren,D,63.2,33.7,29.5,62.7,34.2,28.4,1
CA-19,CA,19,Jimmy Panetta,D,65.4,31.1,34.4,65.4,31,34.4,1
CA-20,CA,20,Vince Fong,R,33.7,64,-30.3,32.8,65,-32.2,1
CA-21,CA,21,Jim Costa,D,50.6,46.8,3.8,51.6,45.7,6,1
CA-22,CA,22,David Valadao,R,45.8,51.6,-5.8,47.8,49.6,-1.9,1
CA-23,CA,23,Jay Obernolte,R,40.2,57.1,-16.9,39,58.4,-19.4,1
CA-24,CA,24,Salud Carbajal,D,61,35.9,25,60.9,36,24.9,1
CA-25,CA,25,Raul Ruiz,D,50.1,47.6,2.5,51.8,46,5.8,1
CA-26,CA,26,Julia Brownley,D,55.2,42,13.2,56.2,41,15.3,1
CA-27,CA,27,George Whitesides,D,50.5,46.6,3.9,53.4,43.6,9.7,1
CA-28,CA,28,Judy Chu,D,61.8,34.9,26.9,61,35.7,25.3,1
CA-29,CA,29,Luz Rivas,D,65.8,31,34.8,65.3,31.6,33.6,1
CA-30,CA,30,Laura Friedman,D,68.8,27.8,41.1,68.3,28.3,40,1
CA-31,CA,31,Gil Cisneros,D,56.9,40,16.9,54.6,42.4,12.2,1
CA-32,CA,32,Brad Sherman,D,64.2,32.9,31.3,61,36,25,1
CA-33,CA,33,Pete Aguilar,D,52.9,44.2,8.7,53.4,43.6,9.8,1
CA-34,CA,34,Jimmy Gomez,D,73.1,22.4,50.6,73.1,22.4,50.6,0
CA-35,CA,35,Norma Torres,D,53.7,43.4,10.3,52.4,44.6,7.8,1
CA-36,CA,36,Ted Lieu,D,67.9,28.8,39.1,67.9,28.8,39.1,0
CA-37,CA,37,Sydney Kamlager-Dove,D,78.7,18.3,60.4,78.7,18.3,60.4,0
CA-38,CA,38,Linda Sanchez,D,56.5,40.4,16.1,54.5,42.2,12.3,1
CA-39,CA,39,Mark Takano,D,53.3,43.6,9.7,53.2,43.7,9.5,1
CA-40,CA,40,Young Kim,R,47.2,49.5,-2.3,42.4,54.6,-12.2,1
CA-41,CA,41,Ken Calvert,R,45.7,51.7,-5.9,55.6,41.4,14.2,1
CA-42,CA,42,Robert Garcia,D,64.5,32,32.4,55,41.9,13.1,1
CA-43,CA,43,Maxine Waters,D,72.9,23.9,49,72.9,23.9,49,0
CA-44,CA,44,Nanette Barragan,D,65.3,31.5,33.8,66,30.8,35.2,1
CA-45,CA,45,Derek Tran,D,49.3,47.8,1.5,50.5,46.6,3.9,1
CA-46,CA,46,Lou Correa,D,57.3,39.6,17.7,56.5,40.4,16.2,1
CA-47,CA,47,Dave Min,D,50.3,46.2,4.2,53.2,43.1,10.1,1
CA-48,CA,48,Darrell Issa,R,41.1,56.4,-15.3,50.4,47,3.4,1
CA-49,CA,49,Mike Levin,D,52.5,44.7,7.8,54.6,42.5,12.1,1
CA-50,CA,50,Scott Peters,D,63.1,33.6,29.6,57.6,39.3,18.2,1
CA-51,CA,51,Sara Jacobs,D,60.2,36.7,23.5,57.7,39.4,18.3,1
CA-52,CA,52,Juan Vargas,D,59.3,38.1,21.2,57.5,39.9,17.6,1
CO-01,CO,1,Diana DeGette,D,76.7,20.6,56.1,76.7,20.6,56.1,0
CO-02,CO,2,Joe Neguse,D,68.5,28.7,39.8,68.5,28.7,39.8,0
CO-03,CO,3,Jeff Hurd,R,43.9,53.6,-9.7,43.9,53.6,-9.7,0
CO-04,CO,4,Lauren Boebert,R,39.6,57.9,-18.3,39.6,57.9,-18.2,0
CO-05,CO,5,Jeff Crank,R,44.1,53.2,-9.1,44.1,53.2,-9.1,0
CO-06,CO,6,Jason Crow,D,58.5,38.7,19.8,58.5,38.7,19.8,0
CO-07,CO,7,Brittany Pettersen,D,56.1,41.1,15,56.1,41.1,15,0
CO-08,CO,8,Gabe Evans,R,47.8,49.6,-1.8,47.8,49.6,-1.8,0
CT-01,CT,1,John Larson,D,60.6,37.7,22.9,60.6,37.7,22.9,0
CT-02,CT,2,Joe Courtney,D,53,45.3,7.7,53,45.3,7.7,0
CT-03,CT,3,Rosa DeLauro,D,56.1,42,14.1,56.1,42,14.1,0
CT-04,CT,4,Jim Himes,D,60.9,37.5,23.4,60.9,37.5,23.4,0
CT-05,CT,5,Jahana Hayes,D,52,46.4,5.6,52,46.4,5.6,0
DE-AL,DE,99,Sarah McBride,D,56.6,41.9,14.7,56.6,41.9,14.7,0
FL-01,FL,1,Jimmy Patronis,R,30.9,68.1,-37.2,30.9,68.1,-37.2,0
FL-02,FL,2,Neal Dunn,R,40.5,58.5,-18,40.5,58.5,-18,0
FL-03,FL,3,Kat Cammack,R,39,60.1,-21.1,39,60.1,-21.1,0
FL-04,FL,4,Aaron Bean,R,43.6,55.4,-11.8,43.6,55.4,-11.8,0
FL-05,FL,5,John Rutherford,R,38.7,60.1,-21.4,38.7,60.1,-21.4,0
FL-06,FL,6,Randy Fine,R,34.6,64.7,-30.1,34.6,64.7,-30.1,0
FL-07,FL,7,Cory Mills,R,43.2,55.7,-12.5,43.2,55.7,-12.5,0
FL-08,FL,8,Mike Haridopolos,R,38.4,60.7,-22.3,41.3,57.5,-16.2,1
FL-09,FL,9,Darren Soto,D,51.2,47.7,3.5,40.7,58.4,-17.8,1
FL-10,FL,10,Maxwell Frost,D,60.7,38,22.7,61.4,37.4,24,1
FL-11,FL,11,Daniel Webster,R,41.4,57.7,-16.3,41.7,57.4,-15.7,1
FL-12,FL,12,Gus Bilirakis,R,32.3,66.9,-34.6,41.8,57.2,-15.4,1
FL-13,FL,13,Anna Paulina Luna,R,43.6,55.5,-11.9,42.9,56.2,-13.3,1
FL-14,FL,14,Kathy Castor,D,53.3,45.6,7.7,44.2,54.7,-10.5,1
FL-15,FL,15,Laurel Lee,R,43.7,54.9,-11.2,39.5,59.3,-19.9,1
FL-16,FL,16,Vern Buchanan,R,41.8,57.3,-15.5,42.7,56.4,-13.7,1
FL-17,FL,17,Greg Steube,R,37.7,61.6,-23.9,38.6,60.7,-22.1,1
FL-18,FL,18,Scott Franklin,R,34.9,64.3,-29.4,41.1,58,-17,1
FL-19,FL,19,Byron Donalds,R,35.1,64.3,-29.2,34.6,64.8,-30.2,1
FL-20,FL,20,VACANT (Cherfilus-McCormick),D,69.4,29.7,39.6,68.1,31,37.2,1
FL-21,FL,21,Brian Mast,R,41.4,57.9,-16.6,41.5,57.8,-16.3,1
FL-22,FL,22,Lois Frankel,D,52.3,46.8,5.6,44.4,54.7,-10.3,1
FL-23,FL,23,Jared Moskowitz,D,50.5,48.6,1.9,56.4,42.7,13.7,1
FL-24,FL,24,Frederica Wilson,D,64.6,34.5,30.1,68.9,30.2,38.7,1
FL-25,FL,25,Debbie Wasserman Schultz,D,52.2,46.8,5.3,45,54.2,-9.1,1
FL-26,FL,26,Mario Diaz-Balart,R,32.2,67.2,-35,40.4,58.8,-18.4,1
FL-27,FL,27,Maria Elvira Salazar,R,42.3,56.9,-14.7,42.3,56.9,-14.6,1
FL-28,FL,28,Carlos Gimenez,R,37,62.4,-25.4,36.9,62.4,-25.4,1
GA-01,GA,1,Buddy Carter,R,41.8,57.6,-15.8,41.8,57.6,-15.8,0
GA-02,GA,2,Sanford Bishop,D,53.6,46,7.6,53.6,46,7.6,0
GA-03,GA,3,Brian Jack,R,34.9,64.6,-29.7,34.9,64.6,-29.7,0
GA-04,GA,4,Hank Johnson,D,75.7,23.2,52.5,75.7,23.2,52.5,0
GA-05,GA,5,Nikema Williams,D,85.3,13.7,71.6,85.3,13.7,71.6,0
GA-06,GA,6,Lucy McBath,D,74.6,24.6,49.9,74.6,24.6,49.9,0
GA-07,GA,7,Rich McCormick,R,38.4,60.5,-22.1,38.4,60.5,-22.1,0
GA-08,GA,8,Austin Scott,R,34.5,65.1,-30.6,34.5,65.1,-30.6,0
GA-09,GA,9,Andrew Clyde,R,32.6,66.7,-34.1,32.6,66.7,-34.1,0
GA-10,GA,10,Mike Collins,R,39.3,60.1,-20.8,39.3,60.1,-20.8,0
GA-11,GA,11,Barry Loudermilk,R,37.9,61.2,-23.3,37.9,61.2,-23.3,0
GA-12,GA,12,Rick Allen,R,42.7,56.8,-14.2,42.7,56.8,-14.2,0
GA-13,GA,13,VACANT (Scott),D,70.7,28.4,42.3,70.7,28.4,42.3,0
GA-14,GA,14,Clay Fuller,R,31.3,68.1,-36.8,31.3,68.1,-36.8,0
HI-01,HI,1,Ed Case,D,61.5,36.8,24.7,61.5,36.8,24.7,0
HI-02,HI,2,Jill Tokuda,D,59.7,38.1,21.6,59.7,38.1,21.6,0
IA-01,IA,1,Mariannette Miller-Meeks,R,45,53.5,-8.5,45,53.5,-8.5,0
IA-02,IA,2,Ashley Hinson,R,44.3,54.3,-10,44.3,54.3,-10,0
IA-03,IA,3,Zach Nunn,R,47.1,51.6,-4.4,47.1,51.5,-4.4,0
IA-04,IA,4,Randy Feenstra,R,33.6,65.1,-31.5,33.6,65.1,-31.5,0
ID-01,ID,1,Russ Fulcher,R,26.2,71.3,-45.1,26.2,71.3,-45.1,0
ID-02,ID,2,Mike Simpson,R,35.1,61.8,-26.7,35.1,61.9,-26.7,0
IL-01,IL,1,Jonathan Jackson,D,65.4,33.3,32,65.4,33.4,32,0
IL-02,IL,2,Robin Kelly,D,65.9,32.8,33.1,65.9,32.8,33.1,0
IL-03,IL,3,Delia Ramirez,D,65,33.6,31.4,65,33.6,31.4,0
IL-04,IL,4,Chuy Garcia,D,63.4,35.1,28.3,63.4,35.1,28.3,0
IL-05,IL,5,Mike Quigley,D,68,30.8,37.1,68,30.8,37.1,0
IL-06,IL,6,Sean Casten,D,52,46.5,5.5,52,46.5,5.5,0
IL-07,IL,7,Danny Davis,D,82.1,16.7,65.4,82.1,16.7,65.4,0
IL-08,IL,8,Raja Krishnamoorthi,D,52.8,45.9,6.9,52.8,45.9,6.9,0
IL-09,IL,9,Jan Schakowsky,D,67.7,31.2,36.6,67.7,31.1,36.6,0
IL-10,IL,10,Brad Schneider,D,60.4,38.3,22,60.4,38.3,22,0
IL-11,IL,11,Bill Foster,D,55,43.5,11.4,55,43.5,11.4,0
IL-12,IL,12,Mike Bost,R,27.5,71,-43.4,27.5,71,-43.4,0
IL-13,IL,13,Nikki Budzinski,D,54.4,43.9,10.5,54.4,43.9,10.5,0
IL-14,IL,14,Lauren Underwood,D,51.9,46.7,5.2,51.9,46.7,5.2,0
IL-15,IL,15,Mary Miller,R,29.3,69,-39.8,29.3,69,-39.8,0
IL-16,IL,16,Darin LaHood,R,37.9,60.5,-22.7,37.9,60.5,-22.7,0
IL-17,IL,17,Eric Sorensen,D,51.5,46.8,4.7,51.5,46.8,4.7,0
IN-01,IN,1,Frank Mrvan,D,49.4,49,0.4,49.4,49,0.4,0
IN-02,IN,2,Rudy Yakym,R,36,62.5,-26.5,36,62.5,-26.5,0
IN-03,IN,3,Marlin Stutzman,R,33.6,64.7,-31.2,33.6,64.8,-31.2,0
IN-04,IN,4,Jim Baird,R,34.4,63.8,-29.3,34.4,63.8,-29.3,0
IN-05,IN,5,Victoria Spartz,R,40.7,57.5,-16.8,40.7,57.5,-16.8,0
IN-06,IN,6,Jefferson Shreve,R,32.9,65.4,-32.5,32.9,65.4,-32.5,0
IN-07,IN,7,Andre Carson,D,69.9,28.4,41.5,69.9,28.4,41.5,0
IN-08,IN,8,Mark Messmer,R,31.2,67.1,-35.9,31.2,67.1,-35.9,0
IN-09,IN,9,Erin Houchin,R,34.2,64.1,-29.9,34.2,64.1,-29.9,0
KS-01,KS,1,Tracey Mann,R,33.5,64.7,-31.3,33.5,64.7,-31.3,0
KS-02,KS,2,Derek Schmidt,R,39.2,58.9,-19.7,39.2,58.9,-19.7,0
KS-03,KS,3,Sharice Davids,D,51.2,47.1,4.1,51.2,47.1,4.1,0
KS-04,KS,4,Ron Estes,R,37.5,60.8,-23.3,37.5,60.8,-23.3,0
KY-01,KY,1,James Comer,R,25.7,73,-47.3,25.7,73,-47.3,0
KY-02,KY,2,Brett Guthrie,R,28.6,70,-41.3,28.6,70,-41.3,0
KY-03,KY,3,Morgan McGarvey,D,58.6,39.7,18.9,58.6,39.7,18.9,0
KY-04,KY,4,Thomas Massie,R,31.4,66.9,-35.6,31.4,67,-35.6,0
KY-05,KY,5,Hal Rogers,R,17.5,81.3,-63.9,17.4,81.3,-63.9,0
KY-06,KY,6,Andy Barr,R,41.6,56.6,-15,41.6,56.6,-15,0
LA-01,LA,1,Steve Scalise,R,30.1,68,-37.9,30,68.2,-38.2,1
LA-02,LA,2,Troy Carter,D,64.7,33.3,31.4,72.7,25.3,47.4,1
LA-03,LA,3,Clay Higgins,R,26.9,71.7,-44.8,31.3,67.3,-36,1
LA-04,LA,4,Mike Johnson,R,23.3,75.5,-52.1,32.3,66.5,-34.2,1
LA-05,LA,5,Julia Letlow,R,31.1,67.4,-36.3,32.4,66.4,-34,1
LA-06,LA,6,Cleo Fields,D,56.7,41.7,15,34.1,64.2,-30.1,1
MA-01,MA,1,Richard Neal,D,55.8,42.1,13.6,55.8,42.1,13.6,0
MA-02,MA,2,Jim McGovern,D,60.6,36.9,23.7,60.6,36.9,23.7,0
MA-03,MA,3,Lori Trahan,D,58.4,39.4,19,58.4,39.5,19,0
MA-04,MA,4,Jake Auchincloss,D,58.8,39.1,19.7,58.9,39.1,19.7,0
MA-05,MA,5,Katherine Clark,D,71.3,26.1,45.2,71.3,26.1,45.2,0
MA-06,MA,6,Seth Moulton,D,59.4,38.7,20.7,59.4,38.7,20.7,0
MA-07,MA,7,Ayanna Pressley,D,80,16.9,63.1,80,16.9,63.1,0
MA-08,MA,8,Stephen Lynch,D,62.2,35.7,26.4,62.1,35.7,26.4,0
MA-09,MA,9,Bill Keating,D,54.6,43.8,10.8,54.6,43.8,10.8,0
MD-01,MD,1,Andy Harris,R,40.4,57.3,-16.9,40.4,57.3,-16.9,0
MD-02,MD,2,Johnny Olszewski,D,58,39.5,18.5,58,39.5,18.5,0
MD-03,MD,3,Sarah Elfreth,D,60.4,36.6,23.8,60.4,36.6,23.8,0
MD-04,MD,4,Glenn Ivey,D,85.5,11.8,73.6,85.5,11.8,73.6,0
MD-05,MD,5,Steny Hoyer,D,65.5,32.2,33.3,65.5,32.2,33.3,0
MD-06,MD,6,April McClain Delaney,D,51.6,45.8,5.8,51.6,45.8,5.8,0
MD-07,MD,7,Kweisi Mfume,D,78.2,19.2,58.9,78.2,19.2,58.9,0
MD-08,MD,8,Jamie Raskin,D,76.8,20.4,56.5,76.8,20.4,56.5,0
ME-01,ME,1,Chellie Pingree,D,59.7,38.1,21.6,59.7,38.1,21.6,0
ME-02,ME,2,Jared Golden,D,44.5,53.5,-9.1,44.5,53.5,-9.1,0
MI-01,MI,1,Jack Bergman,R,38.7,59.9,-21.2,38.7,59.9,-21.2,0
MI-02,MI,2,John Moolenaar,R,34.2,64.3,-30.1,34.2,64.3,-30.1,0
MI-03,MI,3,Hillary Scholten,D,53.1,45.2,7.8,53.1,45.2,7.8,0
MI-04,MI,4,Bill Huizenga,R,46.5,52,-5.5,46.5,52,-5.5,0
MI-05,MI,5,Tim Walberg,R,35.8,62.8,-27,35.8,62.8,-27,0
MI-06,MI,6,Debbie Dingell,D,60.4,37.1,23.3,60.4,37.1,23.3,0
MI-07,MI,7,Tom Barrett,R,48.6,49.9,-1.3,48.6,49.9,-1.3,0
MI-08,MI,8,Kristen McDonald Rivet,D,48.3,50.3,-2,48.3,50.3,-2,0
MI-09,MI,9,Lisa McClain,R,33.2,65.5,-32.3,33.2,65.5,-32.3,0
MI-10,MI,10,John James,R,45.7,52.2,-6.5,45.7,52.2,-6.6,0
MI-11,MI,11,Haley Stevens,D,57,40.9,16.1,57,40.9,16.1,0
MI-12,MI,12,Rashida Tlaib,D,66.6,28.6,38,66.6,28.6,38,0
MI-13,MI,13,Shri Thanedar,D,69.4,28.4,41.1,69.4,28.4,41.1,0
MN-01,MN,1,Brad Finstad,R,43.1,55.1,-12,43.1,55.1,-12,0
MN-02,MN,2,Angie Craig,D,51.9,46.1,5.8,51.9,46.1,5.8,0
MN-03,MN,3,Kelly Morrison,D,59.6,38.3,21.3,59.6,38.3,21.3,0
MN-04,MN,4,Betty McCollum,D,66.7,31.1,35.7,66.8,31.1,35.7,0
MN-05,MN,5,Ilhan Omar,D,79.6,17.7,61.9,79.6,17.8,61.9,0
MN-06,MN,6,Tom Emmer,R,39.2,58.8,-19.7,39.2,58.9,-19.7,0
MN-07,MN,7,Michelle Fischbach,R,30.9,67.4,-36.5,30.9,67.4,-36.5,0
MN-08,MN,8,Pete Stauber,R,42,56.3,-14.3,42,56.3,-14.3,0
MO-01,MO,1,Wesley Bell,D,77.7,20.5,57.2,77.7,20.6,57.2,0
MO-02,MO,2,Ann Wagner,R,45.2,53.1,-7.9,45.2,53.1,-7.9,0
MO-03,MO,3,Bob Onder,R,35.9,62.7,-26.7,35.9,62.7,-26.7,0
MO-04,MO,4,Mark Alford,R,28.2,70.5,-42.3,28.2,70.5,-42.3,0
MO-05,MO,5,Emanuel Cleaver,D,60.7,37.6,23.1,60.7,37.6,23.1,0
MO-06,MO,6,Sam Graves,R,30,68.8,-38.9,30,68.8,-38.9,0
MO-07,MO,7,Eric Burlison,R,28.1,70.7,-42.6,28.1,70.7,-42.6,0
MO-08,MO,8,Jason Smith,R,22.5,76.6,-54.1,22.5,76.6,-54.1,0
MS-01,MS,1,Trent Kelly,R,30.8,67.9,-37,30.8,67.8,-37,0
MS-02,MS,2,Bennie Thompson,D,59.7,39.3,20.4,59.7,39.3,20.4,0
MS-03,MS,3,Michael Guest,R,34.9,64.1,-29.2,34.9,64.1,-29.2,0
MS-04,MS,4,Mike Ezell,R,28.2,70.7,-42.5,28.2,70.7,-42.5,0
MT-01,MT,1,Ryan Zinke,R,42.7,54.2,-11.6,42.7,54.2,-11.6,0
MT-02,MT,2,Troy Downing,R,33.6,63.2,-29.5,33.6,63.2,-29.5,0
NC-01,NC,1,Don Davis,D,48.1,51.2,-3.1,43.8,55.4,-11.6,1
NC-02,NC,2,Deborah Ross,D,66.1,32.2,33.9,66.1,32.2,33.9,0
NC-03,NC,3,Greg Murphy,R,38.6,60.5,-21.9,42.7,56.4,-13.6,1
NC-04,NC,4,Valerie Foushee,D,71.8,26.5,45.3,71.8,26.5,45.3,0
NC-05,NC,5,Virginia Foxx,R,40.6,58.4,-17.8,40.6,58.4,-17.8,0
NC-06,NC,6,Addison McDowell,R,40.8,58,-17.2,40.8,58,-17.2,0
NC-07,NC,7,David Rouzer,R,42.6,56.5,-13.8,42.6,56.5,-13.8,0
NC-08,NC,8,Mark Harris,R,39.8,59.2,-19.4,39.8,59.2,-19.4,0
NC-09,NC,9,Richard Hudson,R,41.6,57.4,-15.8,41.5,57.4,-15.8,0
NC-10,NC,10,Pat Harrigan,R,40.6,58.4,-17.7,40.6,58.4,-17.7,0
NC-11,NC,11,Chuck Edwards,R,44.7,54.2,-9.5,44.7,54.2,-9.5,0
NC-12,NC,12,Alma Adams,D,72.2,26,46.2,72.2,26,46.2,0
NC-13,NC,13,Brad Knott,R,41.2,57.7,-16.5,41.2,57.7,-16.5,0
NC-14,NC,14,Tim Moore,R,42,57,-15.1,42,57,-15.1,0
ND-AL,ND,99,Julie Fedorchak,R,30.8,67.5,-36.8,30.8,67.5,-36.8,0
NE-01,NE,1,Mike Flood,R,42.8,55.8,-13,42.8,55.8,-13,0
NE-02,NE,2,Don Bacon,R,51.6,47,4.6,51.6,47,4.6,0
NE-03,NE,3,Adrian Smith,R,22.5,76.3,-53.8,22.5,76.3,-53.8,0
NH-01,NH,1,Chris Pappas,D,50.5,48.5,2,50.5,48.5,2,0
NH-02,NH,2,Maggie Goodlander,D,51.3,47.7,3.6,51.3,47.7,3.6,0
NJ-01,NJ,1,Donald Norcross,D,58.6,39.9,18.7,58.6,39.9,18.7,0
NJ-02,NJ,2,Jeff Van Drew,R,43,55.6,-12.6,43,55.6,-12.6,0
NJ-03,NJ,3,Herb Conaway,D,53.4,45,8.4,53.4,45,8.4,0
NJ-04,NJ,4,Chris Smith,R,34.3,64.4,-30.1,34.3,64.4,-30.1,0
NJ-05,NJ,5,Josh Gottheimer,D,49.8,48.3,1.5,49.8,48.3,1.5,0
NJ-06,NJ,6,Frank Pallone,D,52,45.5,6.4,52,45.5,6.4,0
NJ-07,NJ,7,Tom Kean,R,48.5,49.6,-1.2,48.5,49.6,-1.2,0
NJ-08,NJ,8,Rob Menendez,D,60.8,36.6,24.2,60.8,36.6,24.2,0
NJ-09,NJ,9,Nellie Pou,D,48,49.2,-1.1,48,49.2,-1.1,0
NJ-10,NJ,10,LaMonica McIver,D,74.5,23.7,50.8,74.5,23.8,50.8,0
NJ-11,NJ,11,Analilia Mejia,D,53.3,44.6,8.7,53.3,44.6,8.7,0
NJ-12,NJ,12,Bonnie Watson Coleman,D,60.6,36.7,23.9,60.6,36.7,23.9,0
NM-01,NM,1,Melanie Stansbury,D,55.1,42.4,12.7,55.1,42.4,12.7,0
NM-02,NM,2,Gabe Vasquez,D,48.1,49.9,-1.8,48,49.9,-1.8,0
NM-03,NM,3,Teresa Leger Fernandez,D,51.5,46.3,5.2,51.5,46.3,5.2,0
NV-01,NV,1,Dina Titus,D,50.2,48,2.3,50.2,48,2.3,0
NV-02,NV,2,Mark Amodei,R,41.9,55.8,-13.9,41.9,55.8,-13.9,0
NV-03,NV,3,Susie Lee,D,48.8,49.5,-0.7,48.8,49.5,-0.7,0
NV-04,NV,4,Steven Horsford,D,50.2,47.9,2.3,50.2,47.9,2.3,0
NY-01,NY,1,Nick LaLota,R,44.3,54.3,-10,44.3,54.3,-10,0
NY-02,NY,2,Andrew Garbarino,R,42.5,56.4,-13.9,42.5,56.4,-13.9,0
NY-03,NY,3,Tom Suozzi,D,47.1,51.4,-4.3,47.1,51.4,-4.3,0
NY-04,NY,4,Laura Gillen,D,50,48.8,1.3,50,48.8,1.3,0
NY-05,NY,5,Gregory Meeks,D,70.3,28.2,42.2,70.3,28.2,42.2,0
NY-06,NY,6,Grace Meng,D,52.3,45.9,6.4,52.3,45.9,6.4,0
NY-07,NY,7,Nydia Velazquez,D,71.6,25.7,45.9,71.6,25.7,45.9,0
NY-08,NY,8,Hakeem Jeffries,D,71.2,27.2,44,71.2,27.2,44,0
NY-09,NY,9,Yvette Clarke,D,69.3,28.7,40.6,69.3,28.7,40.6,0
NY-10,NY,10,Dan Goldman,D,79,18.6,60.4,79,18.6,60.4,0
NY-11,NY,11,Nicole Malliotakis,R,36.9,61.3,-24.4,36.9,61.3,-24.4,0
NY-12,NY,12,Jerry Nadler,D,80.8,17.2,63.6,80.8,17.2,63.6,0
NY-13,NY,13,Adriano Espaillat,D,78.8,19.5,59.3,78.8,19.5,59.3,0
NY-14,NY,14,Alexandria Ocasio-Cortez,D,64.9,33.2,31.8,64.9,33.2,31.8,0
NY-15,NY,15,Ritchie Torres,D,73.6,25.3,48.3,73.6,25.3,48.3,0
NY-16,NY,16,George Latimer,D,66.2,33.1,33.1,66.2,33.1,33.1,0
NY-17,NY,17,Mike Lawler,R,49.9,49.3,0.6,49.9,49.4,0.6,0
NY-18,NY,18,Pat Ryan,D,51.3,48,3.3,51.3,48,3.3,0
NY-19,NY,19,Josh Riley,D,50.4,48.7,1.8,50.4,48.7,1.8,0
NY-20,NY,20,Paul Tonko,D,56.5,42.3,14.1,56.5,42.3,14.2,0
NY-21,NY,21,Elise Stefanik,R,39.4,60.1,-20.7,39.4,60.1,-20.6,0
NY-22,NY,22,John Mannion,D,53.5,45.9,7.7,53.5,45.9,7.7,0
NY-23,NY,23,Nick Langworthy,R,39.1,60.1,-21,39.1,60.1,-21,0
NY-24,NY,24,Claudia Tenney,R,38.1,61.2,-23.1,38.1,61.2,-23.1,0
NY-25,NY,25,Joe Morelle,D,58.7,40.2,18.4,58.7,40.2,18.4,0
NY-26,NY,26,Tim Kennedy,D,58.9,39.6,19.3,58.9,39.6,19.3,0
OH-01,OH,1,Greg Landsman,D,52.7,46.3,6.3,48.2,50.8,-2.6,1
OH-02,OH,2,David Taylor,R,25.8,73.4,-47.6,28.5,70.7,-42.2,1
OH-03,OH,3,Joyce Beatty,D,69.6,29.4,40.2,69.6,29.4,40.2,0
OH-04,OH,4,Jim Jordan,R,31.2,67.9,-36.8,28.2,70.9,-42.6,1
OH-05,OH,5,Bob Latta,R,34.9,64.2,-29.3,37.7,61.4,-23.8,1
OH-06,OH,6,Michael Rulli,R,32.8,66.4,-33.7,32.3,66.9,-34.6,1
OH-07,OH,7,Max Miller,R,44.3,54.9,-10.6,44,55.1,-11.1,1
OH-08,OH,8,Warren Davidson,R,37.7,61.4,-23.7,41.7,57.3,-15.6,1
OH-09,OH,9,Marcy Kaptur,D,46.2,52.9,-6.7,44.2,54.8,-10.6,1
OH-10,OH,10,Mike Turner,R,46.6,52.4,-5.7,45.6,53.4,-7.8,1
OH-11,OH,11,Shontel Brown,D,77.2,22.1,55.1,77.2,22.1,55.1,0
OH-12,OH,12,Troy Balderson,R,33.2,65.9,-32.7,34.5,64.6,-30.1,1
OH-13,OH,13,Emilia Sykes,D,49.6,49.5,0,51.2,47.9,3.3,1
OH-14,OH,14,Dave Joyce,R,40.6,58.5,-17.9,39.4,59.8,-20.4,1
OH-15,OH,15,Mike Carey,R,44.9,54.1,-9.2,44.5,54.5,-10,1
OK-01,OK,1,Kevin Hern,R,38.2,59.7,-21.5,38.2,59.7,-21.5,0
OK-02,OK,2,Josh Brecheen,R,21.4,77,-55.6,21.4,77,-55.6,0
OK-03,OK,3,Frank Lucas,R,26.3,71.8,-45.5,26.3,71.8,-45.5,0
OK-04,OK,4,Tom Cole,R,32.4,65.7,-33.2,32.4,65.7,-33.2,0
OK-05,OK,5,Stephanie Bice,R,40,57.8,-17.7,40,57.8,-17.7,0
OR-01,OR,1,Suzanne Bonamici,D,67.2,29.4,37.8,67.2,29.4,37.8,0
OR-02,OR,2,Cliff Bentz,R,35.1,62.2,-27.1,35.1,62.2,-27.1,0
OR-03,OR,3,Maxine Dexter,D,71.3,25.3,46,71.3,25.3,46,0
OR-04,OR,4,Val Hoyle,D,54.5,42.4,12.1,54.5,42.4,12.1,0
OR-05,OR,5,Janelle Bynum,D,52.8,44.2,8.5,52.8,44.2,8.5,0
OR-06,OR,6,Andrea Salinas,D,54.1,42.8,11.4,54.1,42.8,11.4,0
PA-01,PA,1,Brian Fitzpatrick,R,49.7,49.4,0.3,49.7,49.4,0.3,0
PA-02,PA,2,Brendan Boyle,D,67.3,31.5,35.7,67.3,31.5,35.7,0
PA-03,PA,3,Dwight Evans,D,88.1,10.7,77.3,88.1,10.7,77.3,0
PA-04,PA,4,Madeleine Dean,D,57.4,41.6,15.8,57.4,41.6,15.8,0
PA-05,PA,5,Mary Gay Scanlon,D,63.8,35.2,28.6,63.8,35.2,28.6,0
PA-06,PA,6,Chrissy Houlahan,D,55.2,43.8,11.4,55.2,43.8,11.4,0
PA-07,PA,7,Ryan Mackenzie,R,47.9,51.1,-3.2,47.9,51.1,-3.2,0
PA-08,PA,8,Rob Bresnahan,R,45.4,53.8,-8.5,45.4,53.9,-8.5,0
PA-09,PA,9,Dan Meuser,R,30.6,68.5,-37.9,30.6,68.5,-37.9,0
PA-10,PA,10,Scott Perry,R,46.8,52,-5.2,46.8,52,-5.2,0
PA-11,PA,11,Lloyd Smucker,R,38.8,60.2,-21.4,38.8,60.2,-21.4,0
PA-12,PA,12,Summer Lee,D,59.1,39.9,19.2,59.1,39.9,19.2,0
PA-13,PA,13,John Joyce,R,26.8,72.4,-45.5,26.8,72.4,-45.5,0
PA-14,PA,14,Guy Reschenthaler,R,33,66.3,-33.4,33,66.3,-33.4,0
PA-15,PA,15,Glenn Thompson,R,30.6,68.6,-38,30.6,68.6,-38,0
PA-16,PA,16,Mike Kelly,R,38.2,61,-22.8,38.2,61,-22.8,0
PA-17,PA,17,Chris Deluzio,D,52.3,46.8,5.5,52.3,46.8,5.5,0
RI-01,RI,1,Gabe Amo,D,60,37.8,22.2,60,37.8,22.2,0
RI-02,RI,2,Seth Magaziner,D,52.3,45.5,6.8,52.3,45.5,6.8,0
SC-01,SC,1,Nancy Mace,R,42.7,55.7,-13,42.7,55.8,-13,0
SC-02,SC,2,Joe Wilson,R,42.3,56.2,-13.9,42.3,56.2,-13.9,0
SC-03,SC,3,Sheri Biggs,R,27.8,70.9,-43.1,27.8,70.9,-43.1,0
SC-04,SC,4,William Timmons,R,37.4,61,-23.6,37.4,61,-23.6,0
SC-05,SC,5,Ralph Norman,R,37.9,60.7,-22.8,37.9,60.7,-22.8,0
SC-06,SC,6,Jim Clyburn,D,60.5,37.9,22.7,60.5,37.9,22.7,0
SC-07,SC,7,Russell Fry,R,36.3,62.6,-26.3,36.3,62.6,-26.3,0
SD-AL,SD,99,Dusty Johnson,R,34.2,63.4,-29.2,34.2,63.4,-29.2,0
TN-01,TN,1,Diana Harshbarger,R,20.6,78.4,-57.8,20.6,78.4,-57.8,0
TN-02,TN,2,Tim Burchett,R,32.4,66.2,-33.9,32.4,66.2,-33.9,0
TN-03,TN,3,Chuck Fleischmann,R,31.4,67.3,-35.9,31.5,67.2,-35.7,1
TN-04,TN,4,Scott DesJarlais,R,27.6,71.2,-43.6,37.3,61.2,-23.9,1
TN-05,TN,5,Andy Ogles,R,40.3,58.1,-17.8,37.8,60.9,-23.1,1
TN-06,TN,6,John Rose,R,31.8,67,-35.2,36.1,62.6,-26.5,1
TN-07,TN,7,Matt Van Epps,R,38.1,60.4,-22.3,38.1,60.5,-22.4,1
TN-08,TN,8,David Kustoff,R,28.9,70,-41.1,39.2,59.4,-20.1,1
TN-09,TN,9,Steve Cohen,D,70.8,27.4,43.4,38.8,59.9,-21.1,1
TX-01,TX,1,Nathaniel Moran,R,24,75.3,-51.3,24.9,74.4,-49.5,1
TX-02,TX,2,Dan Crenshaw,R,37.5,61.3,-23.8,38,60.8,-22.8,1
TX-03,TX,3,Keith Self,R,38.8,58.9,-20.1,37.1,60.6,-23.4,1
TX-04,TX,4,Pat Fallon,R,33,65.6,-32.6,36.8,61.5,-24.7,1
TX-05,TX,5,Lance Gooden,R,35.9,63,-27.1,38.7,60.3,-21.6,1
TX-06,TX,6,Jake Ellzey,R,35.2,63.7,-28.5,37.8,60.7,-22.9,1
TX-07,TX,7,Lizzie Fletcher,D,58.9,38.2,20.8,60.3,36.9,23.4,1
TX-08,TX,8,Morgan Luttrell,R,32.4,66.3,-33.9,35.5,63.2,-27.6,1
TX-09,TX,9,Al Green,D,71.3,27.2,44.1,39.7,59.5,-19.8,1
TX-10,TX,10,Michael McCaul,R,36.9,61.8,-24.8,38,60.7,-22.6,1
TX-11,TX,11,August Pfluger,R,26.8,72.3,-45.5,32.2,66.6,-34.4,1
TX-12,TX,12,Craig Goldman,R,38.1,60.7,-22.6,37.5,61.4,-23.9,1
TX-13,TX,13,Ronny Jackson,R,25.6,73.4,-47.8,26.4,72.6,-46.2,1
TX-14,TX,14,Randy Weber,R,32.5,66.5,-34.1,37.3,61.6,-24.3,1
TX-15,TX,15,Monica De La Cruz,R,40.7,58.5,-17.9,40.7,58.5,-17.9,1
TX-16,TX,16,Veronica Escobar,D,57.4,41.4,16,57.6,41.2,16.4,1
TX-17,TX,17,Pete Sessions,R,34.9,64.1,-29.2,38.5,60.2,-21.7,1
TX-18,TX,18,Christian Menefee,D,69.2,29.4,39.8,76.8,21.8,55,1
TX-19,TX,19,Jodey Arrington,R,23.7,75.4,-51.7,23.7,75.4,-51.7,0
TX-20,TX,20,Joaquin Castro,D,60.1,38.8,21.3,63.7,35.1,28.5,1
TX-21,TX,21,Chip Roy,R,37.6,61.3,-23.6,38.5,60.4,-21.8,1
TX-22,TX,22,Troy Nehls,R,39.3,58.8,-19.5,37.9,60.1,-22.3,1
TX-23,TX,23,VACANT (Gonzales),R,41.8,57.3,-15.5,42.1,56.9,-14.8,1
TX-24,TX,24,Beth Van Duyne,R,41.5,57,-15.5,41.2,57.3,-16.1,1
TX-25,TX,25,Roger Williams,R,31.3,67.6,-36.3,37.4,61.5,-24.1,1
TX-26,TX,26,Brandon Gill,R,37.6,61,-23.4,37.4,61.3,-23.8,1
TX-27,TX,27,Michael Cloud,R,34.7,64.4,-29.7,38.9,60.1,-21.2,1
TX-28,TX,28,Henry Cuellar,D,45.9,53.2,-7.3,44.5,54.8,-10.4,1
TX-29,TX,29,Sylvia Garcia,D,59.6,39.2,20.4,64.6,34.1,30.4,1
TX-30,TX,30,Jasmine Crockett,D,72.8,25.9,47,72.9,25.8,47.2,1
TX-31,TX,31,John Carter,R,37.7,61,-23.3,38.5,60.3,-21.9,1
TX-32,TX,32,Julie Johnson,D,60.7,36.9,23.8,40.2,58,-17.8,1
TX-33,TX,33,Marc Veasey,D,65.7,32,33.8,65.5,32.7,32.8,1
TX-34,TX,34,Vicente Gonzalez,D,47.4,51.8,-4.4,44.5,54.7,-10.1,1
TX-35,TX,35,Greg Casar,D,66.1,32.4,33.6,44.3,54.8,-10.5,1
TX-36,TX,36,Brian Babin,R,31.1,67.9,-36.8,36.9,61.9,-25,1
TX-37,TX,37,Lloyd Doggett,D,73.7,24.4,49.3,77.4,20.8,56.6,1
TX-38,TX,38,Wesley Hunt,R,38.8,59.5,-20.7,38.6,59.6,-20.9,1
UT-01,UT,1,Blake Moore,R,38.5,58.5,-20,60.4,36.8,23.6,1
UT-02,UT,2,Celeste Maloy,R,38.6,58.9,-20.3,34,63,-29,1
UT-03,UT,3,Mike Kennedy,R,39,58.3,-19.3,28.1,69.5,-41.4,1
UT-04,UT,4,Burgess Owens,R,35.2,61.9,-26.7,32.4,64.9,-32.5,1
VA-01,VA,1,Rob Wittman,R,46.9,51.8,-4.9,46.9,51.8,-4.9,0
VA-02,VA,2,Jen Kiggans,R,49.3,49.5,-0.2,49.3,49.5,-0.2,0
VA-03,VA,3,Bobby Scott,D,66.6,32,34.7,66.6,32,34.7,0
VA-04,VA,4,Jennifer McClellan,D,65.6,32.9,32.7,65.6,32.9,32.7,0
VA-05,VA,5,John McGuire,R,43.4,55.6,-12.3,43.4,55.6,-12.3,0
VA-06,VA,6,Ben Cline,R,37.5,61.4,-23.9,37.5,61.4,-23.9,0
VA-07,VA,7,Eugene Vindman,D,50.5,47.7,2.9,50.5,47.7,2.9,0
VA-08,VA,8,Don Beyer,D,73.7,24,49.7,73.7,24,49.8,0
VA-09,VA,9,Morgan Griffith,R,27.6,71.6,-44.1,27.6,71.6,-44.1,0
VA-10,VA,10,Suhas Subramanyam,D,52.9,44.5,8.4,52.9,44.5,8.4,0
VA-11,VA,11,James Walkinshaw,D,65.7,31.4,34.3,65.7,31.4,34.3,0
VT-AL,VT,99,Becca Balint,D,64.4,32.6,31.8,64.4,32.6,31.8,0
WA-01,WA,1,Suzan DelBene,D,62.6,33.9,28.7,62.6,33.9,28.7,0
WA-02,WA,2,Rick Larsen,D,60.2,36.6,23.7,60.2,36.6,23.7,0
WA-03,WA,3,Marie Gluesenkamp Perez,D,47,50.3,-3.3,47,50.2,-3.3,0
WA-04,WA,4,Dan Newhouse,R,38.3,59,-20.7,38.3,59,-20.7,0
WA-05,WA,5,Michael Baumgartner,R,43.2,53.9,-10.8,43.2,54,-10.8,0
WA-06,WA,6,Emily Randall,D,58.1,38.8,19.3,58.1,38.8,19.3,0
WA-07,WA,7,Pramila Jayapal,D,85.8,10.8,75,85.8,10.8,75,0
WA-08,WA,8,Kim Schrier,D,51.3,45.5,5.8,51.3,45.5,5.8,0
WA-09,WA,9,Adam Smith,D,68.9,27.7,41.2,68.9,27.6,41.2,0
WA-10,WA,10,Marilyn Strickland,D,57.4,39.4,18,57.4,39.4,18,0
WI-01,WI,1,Bryan Steil,R,47,51.5,-4.5,47,51.5,-4.5,0
WI-02,WI,2,Mark Pocan,D,69.3,29.2,40.1,69.3,29.2,40.1,0
WI-03,WI,3,Derrick Van Orden,R,45.5,52.9,-7.4,45.5,52.9,-7.4,0
WI-04,WI,4,Gwen Moore,D,74.9,23.4,51.6,74.9,23.4,51.5,0
WI-05,WI,5,Scott Fitzgerald,R,38.3,60.4,-22.2,38.3,60.4,-22.1,0
WI-06,WI,6,Glenn Grothman,R,41.1,57.6,-16.5,41.1,57.6,-16.5,0
WI-07,WI,7,Tom Tiffany,R,38,60.5,-22.5,38,60.5,-22.5,0
WI-08,WI,8,Tony Wied,R,41.2,57.5,-16.3,41.2,57.5,-16.3,0
WV-01,WV,1,Carol Miller,R,26.9,71.3,-44.4,26.9,71.2,-44.4,0
WV-02,WV,2,Riley Moore,R,29.2,68.8,-39.6,29.2,68.8,-39.6,0
WY-AL,WY,99,Harriet Hageman,R,26.1,72.3,-46.2,26.1,72.3,-46.2,0
