"sport","weight_class","red_id","blue_id","round","winner","win_method","points_red","points_blue"
"Boxing","48kg","4804","4805","Last 32","Red","Points","20","8"
"Boxing","48kg","4806","4807","Last 32","Red","Points","48","25"
"Boxing","48kg","4808","4809","Last 32","Blue","Referee Stopped Contest - Outscored",".","."
"Boxing","48kg","4810","4811","Last 32","Red","Points","22","7"
"Boxing","48kg","4812","4813","Last 32","Blue","Points","8","23"
"Boxing","48kg","4814","4815","Last 32","Blue","Points","9","22"
"Boxing","48kg","4816","4817","Last 32","Red","Points","26","21"
"Boxing","48kg","4818","4819","Last 32","Red","Points","21","7"
"Boxing","48kg","4820","4821","Last 32","Blue","Points","20","27"
"Boxing","48kg","4822","4823","Last 32","Red","Referee Stopped Contest - Outscored",".","."
"Boxing","48kg","4824","4825","Last 32","Blue","Points","12","17"
"Boxing","48kg","4826","4827","Last 32","Red","Referee Stopped Contest - Outscored",".","."
"Boxing","48kg","4828","4829","Last 32","Red","Points","26","14"
"Boxing","48kg","4801","4802","Last 16","Blue","Points","20","29"
"Boxing","48kg","4803","4804","Last 16","Blue","Points","16","41"
"Boxing","48kg","4806","4809","Last 16","Blue","Points","35","49"
"Boxing","48kg","4810","4813","Last 16","Red","Points","23","20"
"Boxing","48kg","4815","4816","Last 16","Red","Points","31","8"
"Boxing","48kg","4818","4821","Last 16","Blue","Points","11","24"
"Boxing","48kg","4822","4825","Last 16","Red","Points","42","25"
"Boxing","48kg","4826","4828","Last 16","Red","Points","23","14"
"Boxing","48kg","4802","4804","Quarterfinals","Blue","Points","11","18"
"Boxing","48kg","4809","4810","Quarterfinals","Blue","Points","24","33"
"Boxing","48kg","4815","4821","Quarterfinals","Red","Points","20","12"
"Boxing","48kg","4822","4826","Quarterfinals","Blue","Points","11","30"
"Boxing","48kg","4804","4810","Semifinals","Blue","Points","26","20"
"Boxing","48kg","4815","4826","Semifinals","Blue","Points","17","29"
"Boxing","48kg","4810","4826","Final","Blue","Points","16","21"
"Boxing","51kg","5105","5106","Last 32","Red","Points","22","12"
"Boxing","51kg","5107","5108","Last 32","Red","Points","46","23"
"Boxing","51kg","5109","5110","Last 32","Red","Points","42","23"
"Boxing","51kg","5111","5112","Last 32","Blue","Points","15","26"
"Boxing","51kg","5113","5114","Last 32","Blue","Points","19","25"
"Boxing","51kg","5115","5116","Last 32","Red","Points","25","20"
"Boxing","51kg","5117","5118","Last 32","Red","Points","24","14"
"Boxing","51kg","5119","5120","Last 32","Blue","Walk Over",".","."
"Boxing","51kg","5121","5122","Last 32","Blue","Points","16","37"
"Boxing","51kg","5123","5124","Last 32","Red","Points","26","18"
"Boxing","51kg","5125","5126","Last 32","Red","Points","32","18"
"Boxing","51kg","5127","5128","Last 32","Blue","Points","26","36"
"Boxing","51kg","5101","5102","Last 16","Red","Points","25","15"
"Boxing","51kg","5103","5104","Last 16","Red","Points","39","19"
"Boxing","51kg","5105","5107","Last 16","Blue","Points","16","21"
"Boxing","51kg","5109","5112","Last 16","Blue","Points","20","29"
"Boxing","51kg","5114","5115","Last 16","Red","Points","33","20"
"Boxing","51kg","5117","5120","Last 16","Blue","Points","21","27"
"Boxing","51kg","5122","5123","Last 16","Red","Points","36","17"
"Boxing","51kg","5125","5128","Last 16","Blue","Points","22","45"
"Boxing","51kg","5101","5103","Quarterfinals","Red","Points","28","15"
"Boxing","51kg","5107","5112","Quarterfinals","Red","Points","26","18"
"Boxing","51kg","5114","5120","Quarterfinals","Blue","Points","23","24"
"Boxing","51kg","5122","5128","Quarterfinals","Red","Points","25","16"
"Boxing","51kg","5101","5107","Semifinals","Blue","Points","11","20"
"Boxing","51kg","5120","5122","Semifinals","Blue","Points","18","23"
"Boxing","51kg","5107","5122","Final","Red","Points","38","23"
"Boxing","54kg","5406","5407","Last 32","Red","Points","19","16"
"Boxing","54kg","5408","5409","Last 32","Red","Points","36","22"
"Boxing","54kg","5410","5411","Last 32","Red","Points","21","7"
"Boxing","54kg","5412","5413","Last 32","Red","Points","27","19"
"Boxing","54kg","5414","5415","Last 32","Red","Referee Stopped Contest - Outscored",".","."
"Boxing","54kg","5416","5417","Last 32","Red","Points","23","17"
"Boxing","54kg","5418","5419","Last 32","Red","Points","25","17"
"Boxing","54kg","5420","5421","Last 32","Blue","Points","27","36"
"Boxing","54kg","5422","5423","Last 32","Blue","Points","24","30"
"Boxing","54kg","5424","5425","Last 32","Blue","Referee Stopped Contest - Outscored",".","."
"Boxing","54kg","5426","5427","Last 32","Blue","Referee Stopped Contest - Outscored",".","."
"Boxing","54kg","5401","5402","Last 16","Red","Points","37","20"
"Boxing","54kg","5403","5404","Last 16","Blue","Referee Stopped Contest - Outscored",".","."
"Boxing","54kg","5405","5406","Last 16","Red","Points","23","20"
"Boxing","54kg","5408","5410","Last 16","Blue","Referee Stopped Contest - Outscored",".","."
"Boxing","54kg","5412","5414","Last 16","Blue","Points","18","33"
"Boxing","54kg","5416","5418","Last 16","Red","Referee Stopped Contest - Outscored",".","."
"Boxing","54kg","5421","5423","Last 16","Blue","Points","24","27"
"Boxing","54kg","5425","5427","Last 16","Red","Points","35","16"
"Boxing","54kg","5401","5404","Quarterfinals","Blue","Points","32","44"
"Boxing","54kg","5405","5410","Quarterfinals","Blue","Points","5","20"
"Boxing","54kg","5414","5416","Quarterfinals","Red","Points","29","14"
"Boxing","54kg","5423","5425","Quarterfinals","Blue","Points","12","32"
"Boxing","54kg","5404","5410","Semifinals","Blue","Points","13","27"
"Boxing","54kg","5414","5425","Semifinals","Red","Points","27","19"
"Boxing","54kg","5410","5414","Final","Red","Points","23","13"
"Boxing","57kg","5705","5706","Last 32","Blue","Points","15","32"
"Boxing","57kg","5707","5798","Last 32","Red","Points","43","43"
"Boxing","57kg","5709","5710","Last 32","Red","Points","38","13"
"Boxing","57kg","5711","5712","Last 32","Red","Referee Stopped Contest - Outscored",".","."
"Boxing","57kg","5713","5714","Last 32","Blue","Points","18","32"
"Boxing","57kg","5715","5716","Last 32","Red","Points","40","15"
"Boxing","57kg","5717","5718","Last 32","Red","Points","37","28"
"Boxing","57kg","5719","5720","Last 32","Red","Points","32","17"
"Boxing","57kg","5721","5722","Last 32","Red","Referee Stopped Contest - Outscored",".","."
"Boxing","57kg","5723","5724","Last 32","Red","Referee Stopped Contest - Outscored",".","."
"Boxing","57kg","5725","5726","Last 32","Blue","Referee Stopped Contest - Outscored",".","."
"Boxing","57kg","5727","5728","Last 32","Red","Points","37","17"
"Boxing","57kg","5701","5702","Last 16","Red","Points","25","16"
"Boxing","57kg","5703","5704","Last 16","Red","Points","25","14"
"Boxing","57kg","5706","5707","Last 16","Red","Points","30","15"
"Boxing","57kg","5709","5711","Last 16","Blue","Points","26","40"
"Boxing","57kg","5714","5715","Last 16","Blue","Points","13","38"
"Boxing","57kg","5717","5719","Last 16","Red","Points","28","16"
"Boxing","57kg","5721","5723","Last 16","Blue","Points","22","40"
"Boxing","57kg","5726","5727","Last 16","Blue","Referee Stopped Contest",".","."
"Boxing","57kg","5701","5703","Quarterfinals","Blue","Points","11","32"
"Boxing","57kg","5706","5711","Quarterfinals","Blue","Points","26","34"
"Boxing","57kg","5715","5717","Quarterfinals","Blue","Points","35","39"
"Boxing","57kg","5723","5727","Quarterfinals","Blue","Points","26","36"
"Boxing","57kg","5703","5711","Semifinals","Red","Points","29","24"
"Boxing","57kg","5717","5727","Semifinals","Blue","Points","25","45"
"Boxing","57kg","5703","5727","Final","Blue","Points","17","39"
"Boxing","60kg","6005","6006","Last 32","Blue","Points","11","20"
"Boxing","60kg","6007","6008","Last 32","Blue","Referee Stopped Contest - Outscored",".","."
"Boxing","60kg","6009","6010","Last 32","Blue","Points","23","30"
"Boxing","60kg","6011","6012","Last 32","Red","Points","29","23"
"Boxing","60kg","6013","6014","Last 32","Blue","Referee Stopped Contest - Outscored",".","."
"Boxing","60kg","6015","6016","Last 32","Red","Points","22","14"
"Boxing","60kg","6017","6018","Last 32","Red","Points","21","17"
"Boxing","60kg","6019","6020","Last 32","Red","Referee Stopped Contest - Outscored",".","."
"Boxing","60kg","6021","6022","Last 32","Red","Points","30","22"
"Boxing","60kg","6023","6024","Last 32","Blue","Points","24","39"
"Boxing","60kg","6025","6026","Last 32","Blue","Points","8","27"
"Boxing","60kg","6027","6028","Last 32","Blue","Points","29","40"
"Boxing","60kg","6001","6002","Last 16","Blue","Points","18","37"
"Boxing","60kg","6003","6004","Last 16","Blue","Points","16","28"
"Boxing","60kg","6006","6008","Last 16","Blue","Points","21","37"
"Boxing","60kg","6010","6011","Last 16","Red","Points","33","22"
"Boxing","60kg","6014","6015","Last 16","Blue","Points","18","36"
"Boxing","60kg","6017","6019","Last 16","Blue","Points","9","24"
"Boxing","60kg","6021","6024","Last 16","Red","Points","24","22"
"Boxing","60kg","6026","6028","Last 16","Blue","Referee Stopped Contest - Outscored",".","."
"Boxing","60kg","6002","6004","Quarterfinals","Blue","Points","23","29"
"Boxing","60kg","6008","6010","Quarterfinals","Red","Referee Stopped Contest",".","."
"Boxing","60kg","6015","6019","Quarterfinals","Blue","Points","11","23"
"Boxing","60kg","6021","6028","Quarterfinals","Blue","Points","18","31"
"Boxing","60kg","6004","6008","Semifinals","Blue","Points","26","40"
"Boxing","60kg","6019","6028","Semifinals","Red","Points","20","10"
"Boxing","60kg","6008","6019","Final","Blue","Points","22","30"
"Boxing","64kg","6406","6407","Last 32","Red","Referee Stopped Contest - Outscored",".","."
"Boxing","64kg","6408","6409","Last 32","Red","Points","42","40"
"Boxing","64kg","6410","6411","Last 32","Blue","Points","31","48"
"Boxing","64kg","6412","6413","Last 32","Blue","Points","16","26"
"Boxing","64kg","6414","6415","Last 32","Blue","Points","35","42"
"Boxing","64kg","6416","6417","Last 32","Blue","Points","14","36"
"Boxing","64kg","6418","6419","Last 32","Blue","Referee Stopped Contest - Outscored",".","."
"Boxing","64kg","6420","6421","Last 32","Blue","Points","11","26"
"Boxing","64kg","6422","6423","Last 32","Red","Points","25","20"
"Boxing","64kg","6424","6425","Last 32","Red","Points","37","30"
"Boxing","64kg","6426","6427","Last 32","Blue","Points","22","51"
"Boxing","64kg","6401","6402","Last 16","Blue","Referee Stopped Contest - Outscored",".","."
"Boxing","64kg","6403","6404","Last 16","Red","Points","26","16"
"Boxing","64kg","6405","6406","Last 16","Blue","Points","10","30"
"Boxing","64kg","6408","6411","Last 16","Blue","Points","13","33"
"Boxing","64kg","6413","6415","Last 16","Red","Points","29","15"
"Boxing","64kg","6417","6419","Last 16","Red","Points","28","20"
"Boxing","64kg","6421","6422","Last 16","Red","Points","28","19"
"Boxing","64kg","6424","6427","Last 16","Red","Points","33","25"
"Boxing","64kg","6402","6403","Quarterfinals","Red","Points","32","28"
"Boxing","64kg","6406","6411","Quarterfinals","Red","Points","20","18"
"Boxing","64kg","6413","6417","Quarterfinals","Red","Points","20","8"
"Boxing","64kg","6421","6424","Quarterfinals","Red","Points","29","18"
"Boxing","64kg","6402","6406","Semifinals","Red","Points","13","9"
"Boxing","64kg","6413","6421","Semifinals","Red","Points","30","9"
"Boxing","64kg","6402","6413","Final","Blue","Points","17","11"
"Boxing","69kg","6905","6906","Last 32","Red","Points","45","20"
"Boxing","69kg","6907","6908","Last 32","Blue","Referee Stopped Contest - Outscored",".","."
"Boxing","69kg","6909","6910","Last 32","Red","Referee Stopped Contest",".","."
"Boxing","69kg","6911","6912","Last 32","Blue","Points","17","29"
"Boxing","69kg","6913","6914","Last 32","Blue","Points","32","45"
"Boxing","69kg","6915","6916","Last 32","Blue","Points","20","33"
"Boxing","69kg","6917","6918","Last 32","Blue","Points","12","42"
"Boxing","69kg","6919","6920","Last 32","Red","Points","30","15"
"Boxing","69kg","6921","6922","Last 32","Blue","Points","27","54"
"Boxing","69kg","6923","6924","Last 32","Red","Points","36","34"
"Boxing","69kg","6925","6926","Last 32","Red","Walk Over",".","."
"Boxing","69kg","6927","6928","Last 32","Blue","Points","21","54"
"Boxing","69kg","6901","6902","Last 16","Red","Points","33","24"
"Boxing","69kg","6903","6904","Last 16","Red","Points","23","20"
"Boxing","69kg","6905","6908","Last 16","Blue","Points","11","20"
"Boxing","69kg","6909","6912","Last 16","Red","Points","26","16"
"Boxing","69kg","6914","6916","Last 16","Blue","Points","9","23"
"Boxing","69kg","6918","6919","Last 16","Blue","Points","17","18"
"Boxing","69kg","6922","6923","Last 16","Red","Points","32","25"
"Boxing","69kg","6925","6928","Last 16","Red","Points","33","23"
"Boxing","69kg","6901","6903","Quarterfinals","Blue","Points","23","25"
"Boxing","69kg","6908","6909","Quarterfinals","Red","Points","16","14"
"Boxing","69kg","6916","6919","Quarterfinals","Blue","Points","14","22"
"Boxing","69kg","6922","6925","Quarterfinals","Blue","Referee Stopped Contest - Outscored",".","."
"Boxing","69kg","6903","6908","Semifinals","Blue","Points","10","38"
"Boxing","69kg","6919","6925","Semifinals","Blue","Points","18","20"
"Boxing","69kg","6908","6925","Final","Blue","Points","26","36"
"Boxing","75kg","7505","7506","Last 32","Red","Points","41","36"
"Boxing","75kg","7507","7508","Last 32","Red","Points","25","18"
"Boxing","75kg","7509","7510","Last 32","Red","Points","36","24"
"Boxing","75kg","7511","7512","Last 32","Red","Points","29","24"
"Boxing","75kg","7513","7514","Last 32","Red","Points","35","13"
"Boxing","75kg","7515","7516","Last 32","Red","Points","36","14"
"Boxing","75kg","7517","7518","Last 32","Red","Points","38","23"
"Boxing","75kg","7519","7520","Last 32","Red","Points","22","22"
"Boxing","75kg","7521","7522","Last 32","Red","Points","32","31"
"Boxing","75kg","7523","7524","Last 32","Red","Points","30","21"
"Boxing","75kg","7525","7526","Last 32","Red","Points","24","23"
"Boxing","75kg","7527","7528","Last 32","Red","Points","25","22"
"Boxing","75kg","7501","7502","Last 16","Blue","Points","10","31"
"Boxing","75kg","7503","7504","Last 16","Red","Points","36","24"
"Boxing","75kg","7505","7507","Last 16","Blue","Referee Stopped Contest - Outscored",".","."
"Boxing","75kg","7509","7511","Last 16","Red","Points","38","25"
"Boxing","75kg","7513","7515","Last 16","Red","Points","33","19"
"Boxing","75kg","7517","7519","Last 16","Blue","Points","27","27"
"Boxing","75kg","7521","7523","Last 16","Blue","Points","19","19"
"Boxing","75kg","7525","7527","Last 16","Blue","Points","24","34"
"Boxing","75kg","7502","7503","Quarterfinals","Red","Points","31","20"
"Boxing","75kg","7507","7509","Quarterfinals","Red","Points","12","11"
"Boxing","75kg","7513","7519","Quarterfinals","Red","Points","26","13"
"Boxing","75kg","7523","7527","Quarterfinals","Red","Points","28","22"
"Boxing","75kg","7502","7507","Semifinals","Red","Points","23","18"
"Boxing","75kg","7513","7523","Semifinals","Red","Points","24","18"
"Boxing","75kg","7502","7513","Final","Blue","Points","18","28"
"Boxing","81kg","8105","8106","Last 32","Blue","Points","19","25"
"Boxing","81kg","8107","8108","Last 32","Blue","Points","11","21"
"Boxing","81kg","8109","8110","Last 32","Red","Referee Stopped Contest - Outscored",".","."
"Boxing","81kg","8111","8112","Last 32","Red","Points","34","22"
"Boxing","81kg","8113","8114","Last 32","Red","Points","36","20"
"Boxing","81kg","8115","8116","Last 32","Blue","Points","22","44"
"Boxing","81kg","8117","8118","Last 32","Blue","Points","17","32"
"Boxing","81kg","8119","8120","Last 32","Blue","Points","22","27"
"Boxing","81kg","8121","8122","Last 32","Red","Points","24","16"
"Boxing","81kg","8123","8124","Last 32","Red","Referee Stopped Contest",".","."
"Boxing","81kg","8125","8126","Last 32","Red","Points","29","10"
"Boxing","81kg","8127","8128","Last 32","Red","Points","31","23"
"Boxing","81kg","8101","8102","Last 16","Blue","Points","18","30"
"Boxing","81kg","8103","8104","Last 16","Red","Points","17","9"
"Boxing","81kg","8106","8108","Last 16","Blue","Points","19","31"
"Boxing","81kg","8109","8111","Last 16","Red","Points","27","19"
"Boxing","81kg","8113","8116","Last 16","Blue","Points","22","38"
"Boxing","81kg","8118","8120","Last 16","Red","Points","31","16"
"Boxing","81kg","8121","8123","Last 16","Red","Points","17","9"
"Boxing","81kg","8125","8127","Last 16","Red","Points","18","10"
"Boxing","81kg","8102","8103","Quarterfinals","Blue","Points","16","23"
"Boxing","81kg","8108","8109","Quarterfinals","Red","Points","16","11"
"Boxing","81kg","8116","8118","Quarterfinals","Red","Referee Stopped Contest - Outscored",".","."
"Boxing","81kg","8121","8125","Quarterfinals","Blue","Points","18","27"
"Boxing","81kg","8103","8108","Semifinals","Red","Points","17","15"
"Boxing","81kg","8116","8125","Semifinals","Blue","Points","20","23"
"Boxing","81kg","8103","8125","Final","Red","Points","20","13"
"Boxing","91kg","9101","9102","Last 16","Red","Points","24","21"
"Boxing","91kg","9103","9104","Last 16","Blue","Walk Over",".","."
"Boxing","91kg","9105","9106","Last 16","Blue","Points","17","30"
"Boxing","91kg","9107","9108","Last 16","Red","Points","18","14"
"Boxing","91kg","9109","9110","Last 16","Blue","Referee Stopped Contest - Outscored",".","."
"Boxing","91kg","9111","9112","Last 16","Red","Referee Stopped Contest",".","."
"Boxing","91kg","9113","9114","Last 16","Red","Points","18","18"
"Boxing","91kg","9115","9116","Last 16","Blue","Points","22","32"
"Boxing","91kg","9101","9104","Quarterfinals","Red","Points","24","4"
"Boxing","91kg","9106","9107","Quarterfinals","Red","Disqualified",".","."
"Boxing","91kg","9110","9111","Quarterfinals","Blue","Points","27","36"
"Boxing","91kg","9113","9116","Quarterfinals","Red","Points","27","12"
"Boxing","91kg","9101","9106","Semifinals","Red","Referee Stopped Contest - Outscored",".","."
"Boxing","91kg","9111","9113","Semifinals","Red","Walk Over",".","."
"Boxing","91kg","9101","9111","Final","Red","Points","22","13"
"Boxing","91+kg","9201","9202","Last 16","Red","Referee Stopped Contest",".","."
"Boxing","91+kg","9203","9204","Last 16","Blue","Points","18","28"
"Boxing","91+kg","9205","9206","Last 16","Blue","Points","13","29"
"Boxing","91+kg","9207","9208","Last 16","Red","Points","23","5"
"Boxing","91+kg","9209","9210","Last 16","Red","Points","32","19"
"Boxing","91+kg","9211","9212","Last 16","Blue","Points","17","26"
"Boxing","91+kg","9213","9214","Last 16","Red","Points","18","13"
"Boxing","91+kg","9215","9216","Last 16","Red","Points","30","11"
"Boxing","91+kg","9201","9204","Quarterfinals","Red","Points","31","15"
"Boxing","91+kg","9206","9207","Quarterfinals","Red","Points","23","21"
"Boxing","91+kg","9209","9212","Quarterfinals","Red","Points","19","11"
"Boxing","91+kg","9213","9215","Quarterfinals","Red","Points","21","7"
"Boxing","91+kg","9201","9206","Semifinals","Red","Points","31","19"
"Boxing","91+kg","9209","9213","Semifinals","Red","Points","18","16"
"Boxing","91+kg","9201","9209","Final","Red","Walk Over",".","."
"Tae kwon do","under 58kg","5816","5818","last 16","Blue","Points","2","10"
"Tae kwon do","under 58kg","5817","5824","last 16","Blue","Points","1","10"
"Tae kwon do","under 58kg","5819","5825","last 16","Red","Points","7","6"
"Tae kwon do","under 58kg","5820","5822","last 16","Red","Points","6","5"
"Tae kwon do","under 58kg","5821","5827","last 16","Red","Points","5","2"
"Tae kwon do","under 58kg","5828","5823","last 16","Red","Referee Stopped Contest",".","."
"Tae kwon do","under 58kg","5830","5826","last 16","Red","Points","12","10"
"Tae kwon do","under 58kg","5831","5829","last 16","Blue","Points","5","7"
"Tae kwon do","under 58kg","5819","5828","quaterfinal","Blue","Points","1","9"
"Tae kwon do","under 58kg","5821","5818","quaterfinal","Blue","Points","2","8"
"Tae kwon do","under 58kg","5824","5829","quaterfinal","Red","Points","6","2"
"Tae kwon do","under 58kg","5830","5820","quaterfinal","Red","Points","4","2"
"Tae kwon do","under 58kg","5824","5830","semifinal","Red","Points","8","0"
"Tae kwon do","under 58kg","5828","5818","semifinal","Red","Points","5","4"
"Tae kwon do","under 58kg","5824","5828","final","Blue","Points","1","5"
"Tae kwon do","under 58kg","5819","5818","bronze medal","Blue","Points","1","7"
"Tae kwon do","under 58kg","5817","5818","repechage","Blue","Withdrawn",".","."
"Tae kwon do","under 58kg","5817","2829","repechage","Red","Withdrawn",".","."
"Tae kwon do","under 58kg","5819","5823","repechage","Red","Withdrawn",".","."
"Tae kwon do","under 58kg","5830","5819","repechage","Blue","Points","0","8"
"Tae kwon do","under 68kg","6848","6861","last 16","Red","Points","7","2"
"Tae kwon do","under 68kg","6850","6858","last 16","Blue","Points","13","15"
"Tae kwon do","under 68kg","6851","6862","last 16","Red","Points","6","5"
"Tae kwon do","under 68kg","6852","6849","last 16","Blue","Knockout",".","."
"Tae kwon do","under 68kg","6853","6847","last 16","Red","Points","11","10"
"Tae kwon do","under 68kg","6854","6860","last 16","Blue","Points","1","8"
"Tae kwon do","under 68kg","6857","6856","last 16","Blue","Referee Stopped Contest",".","."
"Tae kwon do","under 68kg","6859","6855","last 16","Blue","Points","7","11"
"Tae kwon do","under 68kg","6851","6856","quaterfinal","Blue","Points","6","8"
"Tae kwon do","under 68kg","6855","6848","quaterfinal","Red","Points","5","4"
"Tae kwon do","under 68kg","6858","6853","quaterfinal","Red","Points","13","11"
"Tae kwon do","under 68kg","6860","6849","quaterfinal","Red","Points","10","8"
"Tae kwon do","under 68kg","6858","6856","semifinal","Blue","Points","9","9"
"Tae kwon do","under 68kg","6860","6855","semifinal","Red","Points","7","5"
"Tae kwon do","under 68kg","6856","6860","final","Red","Points","4","3"
"Tae kwon do","under 68kg","6858","6851","bronze medal","Red","Points","12","7"
"Tae kwon do","under 68kg","6849","6854","repechage","Blue","Points","4","8"
"Tae kwon do","under 68kg","6851","6855","repechage","Red","Points","12","10"
"Tae kwon do","under 68kg","6857","6851","repechage","Blue","Withdrawn",".","."
"Tae kwon do","under 68kg","6858","6854","repechage","Red","Points","8","6"
"Tae kwon do","under 80kg","8078","8082","last 16","Red","Points","12","6"
"Tae kwon do","under 80kg","8080","8085","last 16","Blue","Points","7","8"
"Tae kwon do","under 80kg","8083","8089","last 16","Red","Points","16","12"
"Tae kwon do","under 80kg","8086","8081","last 16","Blue","Points","10","13"
"Tae kwon do","under 80kg","8087","8091","last 16","Blue","Points","11","16"
"Tae kwon do","under 80kg","8088","8092","last 16","Blue","Points","9","9"
"Tae kwon do","under 80kg","8090","8079","last 16","Blue","Points","3","10"
"Tae kwon do","under 80kg","8093","8084","last 16","Red","Points","12","0"
"Tae kwon do","under 80kg","8079","8081","quaterfinal","Red","Points","24","17"
"Tae kwon do","under 80kg","8083","8078","quaterfinal","Red","Points","13","9"
"Tae kwon do","under 80kg","8085","8093","quaterfinal","Blue","Points","2","4"
"Tae kwon do","under 80kg","8091","9092","quaterfinal","Blue","Points","4","6"
"Tae kwon do","under 80kg","8092","8079","semifinal","Red","Superiority","6","6"
"Tae kwon do","under 80kg","8093","8083","semifinal","Red","Points","7","6"
"Tae kwon do","under 80kg","8093","8092","final","Red","Points","3","0"
"Tae kwon do","under 80kg","8083","8079","bronze medal","Red","Points","9","8"
"Tae kwon do","under 80kg","8083","8091","repechage","Red","Points","12","4"
"Tae kwon do","under 80kg","8084","8085","repechage","Blue","Withdrawn",".","."
"Tae kwon do","under 80kg","8085","8079","repechage","Blue","Points","9","9"
"Tae kwon do","under 80kg","8091","8088","repechage","Red","Referee Stopped Contest",".","."
"Tae kwon do","over 80kg","81109","81113","last 16","Blue","Points","2","13"
"Tae kwon do","over 80kg","81110","81116","last 16","Blue","Points","3","7"
"Tae kwon do","over 80kg","81111","81117","last 16","Red","Points","3","2"
"Tae kwon do","over 80kg","81112","81118","last 16","Blue","Points","6","9"
"Tae kwon do","over 80kg","81114","81124","last 16","Blue","Points","5","8"
"Tae kwon do","over 80kg","81115","81122","last 16","Red","Points","2","0"
"Tae kwon do","over 80kg","81119","81120","last 16","Blue","Points","2","7"
"Tae kwon do","over 80kg","81123","81121","last 16","Blue","Points","5","8"
"Tae kwon do","over 80kg","81115","81111","quaterfinal","Red","Points","4","-1"
"Tae kwon do","over 80kg","81116","81121","quaterfinal","Red","Points","5","2"
"Tae kwon do","over 80kg","81120","81113","quaterfinal","Red","Points","6","2"
"Tae kwon do","over 80kg","81124","81118","quaterfinal","Blue","Points","7","9"
"Tae kwon do","over 80kg","81116","81118","semifinal","Red","Points","6","3"
"Tae kwon do","over 80kg","81120","81115","semifinal","Red","Points","5","3"
"Tae kwon do","over 80kg","81120","81116","final","Red","Knockout",".","."
"Tae kwon do","over 80kg","81115","81118","bronze medal","Red","Points","6","2"
"Tae kwon do","over 80kg","81115","81121","repechage","Red","Points","3","1"
"Tae kwon do","over 80kg","81119","81118","repechage","Blue","Points","2","2"
"Tae kwon do","over 80kg","81119","81113","repechage","Red","Points","5","5"
"Tae kwon do","over 80kg","81121","81110","repechage","Red","Points","6","2"
"GR Wrestling","55kg","5502","5504","Qualification","Red","Points","9","2"
"GR Wrestling","55kg","5507","5512","Qualification","Blue","Points","13","15"
"GR Wrestling","55kg","5513","5516","Qualification","Blue","Points","0","3"
"GR Wrestling","55kg","5502","5512","Semifinals","Red","Points","3","1"
"GR Wrestling","55kg","5516","5520","Semifinals","Red","Points","10","3"
"GR Wrestling","55kg","5504","5507","5th/6th","Red","Points","15","0"
"GR Wrestling","55kg","5512","5520","Bronze","Blue","Points","2","9"
"GR Wrestling","55kg","5502","5516","Gold","Red","Points","3","1"
"GR Wrestling","60kg","6002","6005","Qualification","Red","Points","9","0"
"GR Wrestling","60kg","6007","6011","Qualification","Red","Points","8","4"
"GR Wrestling","60kg","6015","6017","Qualification","Blue","Points","2","6"
"GR Wrestling","60kg","6002","6007","Semifinals","Red","Points","6","2"
"GR Wrestling","60kg","6017","6021","Semifinals","Blue","Points","4","9"
"GR Wrestling","60kg","6011","6015","5th/6th","Red","Points","7","0"
"GR Wrestling","60kg","6007","6017","Bronze","Red","Points","7","4"
"GR Wrestling","60kg","6002","6021","Gold","Red","Points","6","0"
"GR Wrestling","66kg","6603","6606","Qualification","Red","Points","6","2"
"GR Wrestling","66kg","6607","6611","Qualification","Red","Points","5","2"
"GR Wrestling","66kg","6603","6607","Semifinals","Blue","Points","2","6"
"GR Wrestling","66kg","6616","6618","Semifinals","Red","Points","9","3"
"GR Wrestling","66kg","6603","6618","Bronze","Blue","Points","2","11"
"GR Wrestling","66kg","6607","6616","Gold","Red","Points","7","4"
"GR Wrestling","74kg","7401","7406","Qualification","Blue","Points","2","6"
"GR Wrestling","74kg","7409","7410","Qualification","Red","Points","6","0"
"GR Wrestling","74kg","7406","7409","Semifinals","Red","Points","6","0"
"GR Wrestling","74kg","7415","7419","Semifinals","Blue","Points","3","8"
"GR Wrestling","74kg","7401","7410","5th/6th","Blue","Walkover","0","4"
"GR Wrestling","74kg","7409","7415","Bronze","Blue","Points","0","14"
"GR Wrestling","74kg","7406","7419","Gold","Blue","Points","2","7"
"GR Wrestling","84kg","8402","8404","Qualification","Red","Points","6","0"
"GR Wrestling","84kg","8407","9412","Qualification","Blue","Points","3","8"
"GR Wrestling","84kg","8402","8412","Semifinals","Blue","Points","0","9"
"GR Wrestling","84kg","8413","8419","Semifinals","Blue","Points","0","6"
"GR Wrestling","84kg","8404","8407","5th/6th","Blue","Walkover","0","4"
"GR Wrestling","84kg","8402","8413","Bronze","Red","Points","5","2"
"GR Wrestling","84kg","8412","8419","Gold","Red","Points","4","2"
"GR Wrestling","96kg","9601","9604","Qualification","Blue","Points","0","6"
"GR Wrestling","96kg","9608","9611","Qualification","Blue","Points","2","6"
"GR Wrestling","96kg","9615","9617","Qualification","Red","Points","7","2"
"GR Wrestling","96kg","9604","9611","Semifinals","Red","Points","7","3"
"GR Wrestling","96kg","9615","9621","Semifinals","Blue","Points","0","15"
"GR Wrestling","96kg","9608","9617","5th/6th","Blue","Points","0","7"
"GR Wrestling","96kg","9611","9615","Bronze","Blue","Points","2","7"
"GR Wrestling","96kg","9604","9621","Gold","Blue","Points","2","16"
"GR Wrestling","120kg","12002","12006","Qualification","Blue","Points","0","6"
"GR Wrestling","120kg","12008","12011","Qualification","Red","Points","5","0"
"GR Wrestling","120kg","12006","12008","Semifinals","Blue","Points","0","7"
"GR Wrestling","120kg","12013","12017","Semifinals","Red","Points","7","2"
"GR Wrestling","120kg","12002","12011","5th/6th","Blue","Walkover","0","4"
"GR Wrestling","120kg","12006","12017","Bronze","Blue","Points","0","6"
"GR Wrestling","120kg","12008","12013","Gold","Red","Points","7","3"
"Free Wrestling","55kg","25503","25506","Qualification","Red","Points","9","2"
"Free Wrestling","55kg","25509","25510","Qualification","Blue","Points","0","14"
"Free Wrestling","55kg","25513","25518","Qualification","Blue","Points","0","7"
"Free Wrestling","55kg","25503","25510","Semifinals","Red","Points","6","0"
"Free Wrestling","55kg","25518","25520","Semifinals","Red","Points","10","2"
"Free Wrestling","55kg","25506","25509","5th/6th","Red","Points","9","5"
"Free Wrestling","55kg","25510","25520","Bronze","Red","Points","10","0"
"Free Wrestling","55kg","25503","25518","Gold","Blue","Points","2","12"
"Free Wrestling","60kg","26003","26006","Qualification","Red","Points","9","0"
"Free Wrestling","60kg","26007","26011","Qualification","Red","Points","8","0"
"Free Wrestling","60kg","26003","26007","Semifinals","Blue","Points","2","6"
"Free Wrestling","60kg","26015","26019","Semifinals","Red","Points","8","5"
"Free Wrestling","60kg","26006","26011","5th/6th","Blue","Walkover","0","4"
"Free Wrestling","60kg","26003","26019","Bronze","Blue","Points","6","9"
"Free Wrestling","60kg","26007","26015","Gold","Red","Points","7","0"
"Free Wrestling","66kg","26603","26606","Qualification","Blue","Points","3","6"
"Free Wrestling","66kg","26607","26611","Qualification","Blue","Points","3","9"
"Free Wrestling","66kg","26614","26616","Qualification","Blue","Points","0","9"
"Free Wrestling","66kg","26606","26611","Semifinals","Blue","Points","3","7"
"Free Wrestling","66kg","26616","26621","Semifinals","Blue","Points","2","6"
"Free Wrestling","66kg","26603","26607","5th/6th","Red","Points","9","5"
"Free Wrestling","66kg","26606","26616","Bronze","Blue","Points","2","5"
"Free Wrestling","66kg","26611","26621","Gold","Red","Points","8","2"
"Free Wrestling","74kg","27403","27406","Qualification","Red","Points","6","2"
"Free Wrestling","74kg","27409","27411","Qualification","Red","Points","6","3"
"Free Wrestling","74kg","27414","27417","Qualification","Blue","Points","3","6"
"Free Wrestling","74kg","27403","27409","Semifinals","Blue","Points","5","8"
"Free Wrestling","74kg","27417","27420","Semifinals","Red","Points","11","0"
"Free Wrestling","74kg","27411","27414","5th/6th","Red","Walkover","4","0"
"Free Wrestling","74kg","27403","27420","Bronze","Red","Points","6","2"
"Free Wrestling","74kg","27409","27417","Gold","Blue","Points","0","10"
"Free Wrestling","84kg","28401","28406","Qualification","Blue","Points","6","9"
"Free Wrestling","84kg","28408","28412","Qualification","Blue","Points","2","6"
"Free Wrestling","84kg","28413","28417","Qualification","Blue","Points","2","6"
"Free Wrestling","84kg","28416","28412","Semifinals","Red","Points","6","3"
"Free Wrestling","84kg","28417","28419","Semifinals","Red","Points","13","0"
"Free Wrestling","84kg","28401","28408","5th/6th","Red","Points","6","0"
"Free Wrestling","84kg","28412","28419","Bronze","Blue","Points","4","8"
"Free Wrestling","84kg","28406","28417","Gold","Red","Points","6","2"
"Free Wrestling","96kg","29601","29605","Qualification","Blue","Points","2","7"
"Free Wrestling","96kg","29607","29611","Qualification","Blue","Points","0","8"
"Free Wrestling","96kg","29615","29618","Qualification","Red","Points","6","0"
"Free Wrestling","96kg","29605","29611","Semifinals","Red","Points","9","5"
"Free Wrestling","96kg","29615","29620","Semifinals","Red","Points","8","0"
"Free Wrestling","96kg","29601","29607","5th/6th","Blue","Points","0","7"
"Free Wrestling","96kg","29611","29620","Bronze","Red","Points","6","3"
"Free Wrestling","96kg","29605","29615","Gold","Blue","Points","2","7"
"Free Wrestling","120kg","212001","212005","Qualification","Red","Points","10","4"
"Free Wrestling","120kg","212007","212012","Qualification","Blue","Points","2","6"
"Free Wrestling","120kg","212001","212012","Semifinals","Red","Points","6","0"
"Free Wrestling","120kg","212015","212017","Semifinals","Blue","Points","2","7"
"Free Wrestling","120kg","212005","212007","5th/6th","Blue","Walkover","0","4"
"Free Wrestling","120kg","212012","212015","Bronze","Red","Points","6","2"
"Free Wrestling","120kg","212001","212015","Gold","Red","Points","8","0"
